<?xml version="1.0" encoding="UTF-8"?>
<beans xmlns="http://www.springframework.org/schema/beans"
	xmlns:xsi="http://www.w3.org/2001/XMLSchema-instance"
	xmlns:context="http://www.springframework.org/schema/context"
	xmlns:tx="http://www.springframework.org/schema/tx"
	xmlns:mvc="http://www.springframework.org/schema/mvc"
	xsi:schemaLocation="http://www.springframework.org/schema/mvc http://www.springframework.org/schema/mvc/spring-mvc-4.3.xsd
		http://www.springframework.org/schema/beans http://www.springframework.org/schema/beans/spring-beans.xsd
		http://www.springframework.org/schema/context http://www.springframework.org/schema/context/spring-context-4.3.xsd
		http://www.springframework.org/schema/tx http://www.springframework.org/schema/tx/spring-tx-4.3.xsd">

	<context:component-scan base-package="com.bookapp.model"/>
	
	<!-- it force to convert all db related error to be wrapped by data access exceptions so that i can write aop
		based handler to handle it without thinking whether i am using hibernate, jdbc.....
	 -->
	<bean class="org.springframework.dao.annotation.PersistenceExceptionTranslationPostProcessor"></bean>
	<context:property-placeholder location="classpath:db.properties"/>
	
	<bean id="dataSource" class="org.springframework.jdbc.datasource.DriverManagerDataSource">
		<property name="url" value="${db.url}"></property>
		<property name="driverClassName" value="${db.drivername}"></property>
		<property name="username" value="${db.username}"></property>
		<property name="password" value="${db.password}"></property>
	</bean>
	<!-- model layer config -->
	<bean id="sessionFactory" class="org.springframework.orm.hibernate5.LocalSessionFactoryBean">
		<property name="dataSource" ref="dataSource"></property>
		<property name="packagesToScan">
			<list>
				<value>com.bookapp.model.dao</value>
			</list>
		</property>
		
		<property name="hibernateProperties">
			<props>
			<prop key="hibernate.hbm2ddl.auto">update</prop>
			<prop key="hibernate.dialect">org.hibernate.dialect.MySQL57Dialect</prop>
			<prop key="hibernate.show_sql">true</prop>
			<prop key="hibernate.format_sql">true</prop>
			</props>		
		</property>
	</bean>
	
	<bean id="transactionManager" class="org.springframework.orm.hibernate5.HibernateTransactionManager">
		<property name="sessionFactory" ref="sessionFactory"></property>
	</bean>
	<tx:annotation-driven transaction-manager="transactionManager"/>

</beans>
